<?xml version="1.0" encoding="UTF-8"?>
<project-private xmlns="http://www.netbeans.org/ns/project-private/1">
    <editor-bookmarks xmlns="http://www.netbeans.org/ns/editor-bookmarks/2" lastBookmarkId="1">
        <file>
            <url>src/GUI/MainGUI.java</url>
            <bookmark id="1">
                <name/>
                <line>88</line>
                <key/>
            </bookmark>
        </file>
    </editor-bookmarks>
    <open-files xmlns="http://www.netbeans.org/ns/projectui-open-files/2">
        <group>
            <file>file:/C:/Users/andre/OneDrive/Desktop/Bachelorarbeit/implementierungen/SearchTrees/src/RuntimeTest/RuntimeTest.java</file>
            <file>file:/C:/Users/andre/OneDrive/Desktop/Bachelorarbeit/implementierungen/SearchTrees/src/GUI/I_GUINode.java</file>
            <file>file:/C:/Users/andre/OneDrive/Desktop/Bachelorarbeit/implementierungen/SearchTrees/src/GUI/I_GUITree.java</file>
            <file>file:/C:/Users/andre/OneDrive/Desktop/Bachelorarbeit/implementierungen/SearchTrees/src/TangoTree/TangoAuxTree.java</file>
            <file>file:/C:/Users/andre/OneDrive/Desktop/Bachelorarbeit/implementierungen/SearchTrees/src/RedBlackTree/RBTNode.java</file>
            <file>file:/C:/Users/andre/OneDrive/Desktop/Bachelorarbeit/implementierungen/SearchTrees/src/TangoTree/TangoPrefChildCount.java</file>
            <file>file:/C:/Users/andre/OneDrive/Desktop/Bachelorarbeit/implementierungen/SearchTrees/src/RuntimeTest/RandomTest.java</file>
            <file>file:/C:/Users/andre/OneDrive/Desktop/Bachelorarbeit/implementierungen/SearchTrees/src/RuntimeTest/StaticFingerTest.java</file>
            <file>file:/C:/Users/andre/OneDrive/Desktop/Bachelorarbeit/implementierungen/SearchTrees/src/TangoTree/TangoNode.java</file>
            <file>file:/C:/Users/andre/OneDrive/Desktop/Bachelorarbeit/implementierungen/SearchTrees/src/RuntimeTest/DynamicFingerTest.java</file>
            <file>file:/C:/Users/andre/OneDrive/Desktop/Bachelorarbeit/implementierungen/SearchTrees/src/RuntimeTest/BitReversalTest.java</file>
            <file>file:/C:/Users/andre/OneDrive/Desktop/Bachelorarbeit/implementierungen/SearchTrees/src/RuntimeTest/WorkingSetTest.java</file>
            <file>file:/C:/Users/andre/OneDrive/Desktop/Bachelorarbeit/implementierungen/SearchTrees/src/GUI/TangoCanvas.java</file>
            <file>file:/C:/Users/andre/OneDrive/Desktop/Bachelorarbeit/implementierungen/SearchTrees/src/Starter/Start.java</file>
            <file>file:/C:/Users/andre/OneDrive/Desktop/Bachelorarbeit/implementierungen/SearchTrees/src/RedBlackTree/RedBlackTree.java</file>
            <file>file:/C:/Users/andre/OneDrive/Desktop/Bachelorarbeit/implementierungen/SearchTrees/src/RuntimeTest/SortedTest.java</file>
            <file>file:/C:/Users/andre/OneDrive/Desktop/Bachelorarbeit/implementierungen/SearchTrees/src/TangoTree/BuildAuxTreeFaildException.java</file>
            <file>file:/C:/Users/andre/OneDrive/Desktop/Bachelorarbeit/implementierungen/SearchTrees/src/GUI/RuntimeFrame.java</file>
            <file>file:/C:/Users/andre/OneDrive/Desktop/Bachelorarbeit/implementierungen/SearchTrees/src/TangoTree/TangoTree.java</file>
            <file>file:/C:/Users/andre/OneDrive/Desktop/Bachelorarbeit/implementierungen/SearchTrees/src/SplayTree/SplayNode.java</file>
            <file>file:/C:/Users/andre/OneDrive/Desktop/Bachelorarbeit/implementierungen/SearchTrees/src/SplayTree/SplayTree.java</file>
            <file>file:/C:/Users/andre/OneDrive/Desktop/Bachelorarbeit/implementierungen/SearchTrees/src/SplayTree/SplayTreeCountRot.java</file>
            <file>file:/C:/Users/andre/OneDrive/Desktop/Bachelorarbeit/implementierungen/SearchTrees/src/GUI/MainGUI.java</file>
            <file>file:/C:/Users/andre/OneDrive/Desktop/Bachelorarbeit/implementierungen/SearchTrees/src/GUI/ResultFrame.java</file>
        </group>
    </open-files>
</project-private>
